,peak_time,mean_peak,sd_peak,mean_ss,sd_ss,promoter,filename,condition,pipette resist,seal resist,notes on raw data,notes on analyzed graph,,
0,5383.2,54.2606558,0.828253116,53.84113697,0.609465468,WT,20220210_N2A_WT10_pos_analyzed.csv,pos,3.87,1.97,,,,
1,5382.9,53.09327064,0.843926176,52.76955774,0.567646287,WT,20220210_N2A_WT10_pos_analyzed.csv,pos,3.87,1.97,,,,
2,5113.3,52.3268606,0.797504434,51.6300508,0.598198608,WT,20220210_N2A_WT10_pos_analyzed.csv,pos,3.87,1.97,,,,
3,5315,53.64642355,0.709310377,52.08985608,0.681380206,WT,20220210_N2A_WT10_pos_analyzed.csv,pos,3.87,1.97,,,,
4,5137.9,56.21610704,0.845134748,53.46547571,1.035797688,WT,20220210_N2A_WT10_pos_analyzed.csv,pos,3.87,1.97,,,,
0,5117.5,81.08121786,1.382615581,76.7060985,1.135788052,WT,20220210_N2A_WT11_pos_analyzed.csv,pos,4.2,1.21,,,,
1,5191.1,79.85627079,1.530879045,74.68993798,1.140789208,WT,20220210_N2A_WT11_pos_analyzed.csv,pos,4.2,1.21,,,,
2,5107.2,75.9609676,0.810182244,70.8019566,0.872391619,WT,20220210_N2A_WT11_pos_analyzed.csv,pos,4.2,1.21,,,,
3,5160.6,75.47946749,1.668737283,73.48297337,0.939797191,WT,20220210_N2A_WT11_pos_analyzed.csv,pos,4.2,1.21,,,,
4,5307.5,73.40448934,1.783734685,70.6988788,1.098230207,WT,20220210_N2A_WT11_pos_analyzed.csv,pos,4.2,1.21,,,,
0,5296.7,95.59442142,2.06695482,93.38684407,1.210839628,WT,20220210_N2A_WT5_pos_analyzed.csv,pos,3.16,1.46,noisey in baseline,,,
1,5121.2,94.30490202,1.553227069,92.3892601,1.109350437,WT,20220210_N2A_WT5_pos_analyzed.csv,pos,3.16,1.46,noisey in baseline,,,
2,5305.7,97.4790248,2.564239172,91.43050054,1.155209354,WT,20220210_N2A_WT5_pos_analyzed.csv,pos,3.16,1.46,noisey in baseline,,,
3,5390.3,92.98355606,1.249634582,90.31984889,1.183336498,WT,20220210_N2A_WT5_pos_analyzed.csv,pos,3.16,1.46,noisey in baseline,,,
4,5347.8,88.8783016,1.742048222,87.79811269,1.221240385,WT,20220210_N2A_WT5_pos_analyzed.csv,pos,3.16,1.46,noisey in baseline,,,
0,5319.5,82.21049118,1.694454607,78.92272526,1.369150461,WT,20220210_N2A_WT2_pos_analyzed.csv,pos,3.09,1.68,,,,
1,5339.7,84.50010528,1.880454747,78.590696,1.276432159,WT,20220210_N2A_WT2_pos_analyzed.csv,pos,3.09,1.68,,,,
2,5320.4,76.85925659,2.039890406,74.22732955,1.446275137,WT,20220210_N2A_WT2_pos_analyzed.csv,pos,3.09,1.68,,,,
3,5332.4,76.23485877,0.889019014,72.16195516,1.77920856,WT,20220210_N2A_WT2_pos_analyzed.csv,pos,3.09,1.68,,,,
4,5153.9,72.33529863,2.430828309,70.90055136,1.462539771,WT,20220210_N2A_WT2_pos_analyzed.csv,pos,3.09,1.68,,,,
0,5359.8,55.77007945,1.049322688,55.45945141,0.555347017,WT,20220210_N2A_WT3_pos_analyzed.csv,pos,5.74,1.68,baseline seemed to shift?,,,
1,5359.4,53.07532325,1.095354374,52.07598586,0.581821446,WT,20220210_N2A_WT3_pos_analyzed.csv,pos,5.74,1.68,baseline seemed to shift?,,,
2,5344.9,49.84622572,1.101408599,49.10735485,0.771977897,WT,20220210_N2A_WT3_pos_analyzed.csv,pos,5.74,1.68,baseline seemed to shift?,,,
3,5273.3,45.46592664,0.777472927,44.96166266,0.511273209,WT,20220210_N2A_WT3_pos_analyzed.csv,pos,5.74,1.68,baseline seemed to shift?,,,
4,5314.1,44.82651353,0.710950828,43.37135974,0.557557889,WT,20220210_N2A_WT3_pos_analyzed.csv,pos,5.74,1.68,baseline seemed to shift?,,,
0,5320.7,84.70459111,0.797503362,83.78766156,0.612905825,WT,20220210_N2A_WT4_pos_analyzed.csv,pos,6.36,1.38,baseline seemed to shift?,,,
1,5300.4,77.35017976,0.97544555,76.8404632,0.61067601,WT,20220210_N2A_WT4_pos_analyzed.csv,pos,6.36,1.38,baseline seemed to shift?,,,
2,5377.3,74.2574391,1.088375309,73.98856088,0.559946026,WT,20220210_N2A_WT4_pos_analyzed.csv,pos,6.36,1.38,baseline seemed to shift?,,,
3,5364,71.58886858,1.166883626,71.31235659,0.589495581,WT,20220210_N2A_WT4_pos_analyzed.csv,pos,6.36,1.38,baseline seemed to shift?,,,
4,5381.8,71.91010824,0.677603985,71.03196936,0.650241557,WT,20220210_N2A_WT4_pos_analyzed.csv,pos,6.36,1.38,baseline seemed to shift?,,,
0,5125.4,37.50886583,0.384372892,31.78686047,0.529783073,WT,20220210_N2A_WT1_pos_analyzed.csv,pos,5.95,1.88,,,,
1,5397.7,34.49485963,0.784928028,29.97377273,0.620824868,WT,20220210_N2A_WT1_pos_analyzed.csv,pos,5.95,1.88,,,,
2,5397.9,32.92218515,0.616311645,28.51263776,0.663288498,WT,20220210_N2A_WT1_pos_analyzed.csv,pos,5.95,1.88,,,,
3,5397.7,29.25386225,0.478327287,24.68588528,0.634206372,WT,20220210_N2A_WT1_pos_analyzed.csv,pos,5.95,1.88,,,,
4,5397.8,30.55572771,0.843063443,24.69227347,0.832793211,WT,20220210_N2A_WT1_pos_analyzed.csv,pos,5.95,1.88,,,,
0,5379.4,44.11815463,0.924349563,44.24807651,0.497466364,WT,20220210_N2A_WT6_pos_analyzed.csv,pos,3.26,1.36,,,,
1,5374.4,41.32321591,0.954114878,41.50205296,0.524818499,WT,20220210_N2A_WT6_pos_analyzed.csv,pos,3.26,1.36,,,,
2,5399.6,40.48851707,0.798172469,40.29565975,0.490704684,WT,20220210_N2A_WT6_pos_analyzed.csv,pos,3.26,1.36,,,,
3,5396.2,45.69339879,0.860894053,43.34530703,0.976336229,WT,20220210_N2A_WT6_pos_analyzed.csv,pos,3.26,1.36,,,,
4,5373.5,46.15808091,1.025415597,45.61253469,0.737939385,WT,20220210_N2A_WT6_pos_analyzed.csv,pos,3.26,1.36,,,,
0,5181.6,93.50247402,1.476658176,92.29080633,1.080442594,WT,20220210_N2A_WT7_pos_analyzed.csv,pos,3.4,1.35,baseline seemed to shift?,,,
1,5366.5,87.74769727,1.470628061,86.68121858,1.078302825,WT,20220210_N2A_WT7_pos_analyzed.csv,pos,3.4,1.35,baseline seemed to shift?,,,
2,5267.3,85.77329921,1.50575308,85.08209675,1.039283193,WT,20220210_N2A_WT7_pos_analyzed.csv,pos,3.4,1.35,baseline seemed to shift?,,,
3,5326.5,86.01630169,1.78073806,83.36443562,1.159033476,WT,20220210_N2A_WT7_pos_analyzed.csv,pos,3.4,1.35,baseline seemed to shift?,,,
4,5364.4,80.95495849,1.376069932,79.41054213,0.908993074,WT,20220210_N2A_WT7_pos_analyzed.csv,pos,3.4,1.35,baseline seemed to shift?,,,
0,5103.8,162.3567511,2.682573011,82.60167912,1.418237699,PGK,20220128_N2A_mp1_PGK3_pos_analyzed.csv,pos,4.04,1.3,small noise in baseline,,,
1,5104.2,162.7848489,2.049508503,83.18462255,1.035000368,PGK,20220128_N2A_mp1_PGK3_pos_analyzed.csv,pos,4.04,1.3,small noise in baseline,,,
2,5104.7,153.4594903,1.823186148,83.44106419,1.026056411,PGK,20220128_N2A_mp1_PGK3_pos_analyzed.csv,pos,4.04,1.3,small noise in baseline,,,
3,5104.7,156.5551857,1.862747979,85.03471838,1.111807046,PGK,20220128_N2A_mp1_PGK3_pos_analyzed.csv,pos,4.04,1.3,small noise in baseline,,,
4,5105.7,150.4737069,2.087934874,85.70371109,2.836693886,PGK,20220128_N2A_mp1_PGK3_pos_analyzed.csv,pos,4.04,1.3,small noise in baseline,,,
0,5374,79.21538788,1.546965935,78.45455135,0.928842367,PGK,20220128_N2A_mp1_PGK2_pos_analyzed.csv,pos,3.52,1.47,,,,
1,5190.4,84.20038849,1.019719836,76.50977331,1.019976797,PGK,20220128_N2A_mp1_PGK2_pos_analyzed.csv,pos,3.52,1.47,,,,
2,5173.7,81.32343757,0.76367764,68.26537692,0.965603012,PGK,20220128_N2A_mp1_PGK2_pos_analyzed.csv,pos,3.52,1.47,,,,
3,5180.5,83.99363,2.445677805,72.73702416,0.930902333,PGK,20220128_N2A_mp1_PGK2_pos_analyzed.csv,pos,3.52,1.47,,,,
4,5177,86.65275038,1.253745245,72.6090599,1.097376624,PGK,20220128_N2A_mp1_PGK2_pos_analyzed.csv,pos,3.52,1.47,,,,
0,5110.5,56.34500234,1.264346822,51.37448695,1.020659948,PGK,20220128_N2A_mp1_PGK1_pos_analyzed.csv,pos,4.12,1.56,noisey in baseline,,,
1,5109.1,55.00468669,1.230180252,50.97555829,0.938112996,PGK,20220128_N2A_mp1_PGK1_pos_analyzed.csv,pos,4.12,1.56,noisey in baseline,,,
2,5111.2,52.89789469,1.149915354,48.29486729,0.696576698,PGK,20220128_N2A_mp1_PGK1_pos_analyzed.csv,pos,4.12,1.56,noisey in baseline,,,
3,5114.3,52.764423,1.534047228,47.6549506,0.847278169,PGK,20220128_N2A_mp1_PGK1_pos_analyzed.csv,pos,4.12,1.56,noisey in baseline,,,
4,5114.5,52.75419447,1.002680162,49.58856161,1.087812154,PGK,20220128_N2A_mp1_PGK1_pos_analyzed.csv,pos,4.12,1.56,noisey in baseline,,,
0,5106.2,180.0753859,2.999702885,88.70369786,1.93643692,PGK,20220126_N2A_mp1_PGK2_pos_analyzed.csv,pos,3.3,1.84,,,,
1,5106.3,179.5957654,1.820626395,89.71630788,1.251980153,PGK,20220126_N2A_mp1_PGK2_pos_analyzed.csv,pos,3.3,1.84,,,,
2,5107.3,162.7187633,2.448337018,88.02362452,1.278588156,PGK,20220126_N2A_mp1_PGK2_pos_analyzed.csv,pos,3.3,1.84,,,,
3,5107,149.6186215,2.388330173,93.71570062,1.012799089,PGK,20220126_N2A_mp1_PGK2_pos_analyzed.csv,pos,3.3,1.84,,,,
4,5108.3,138.3994187,0.612676467,93.96294355,1.623734135,PGK,20220126_N2A_mp1_PGK2_pos_analyzed.csv,pos,3.3,1.84,,,,
0,5236,66.29705505,1.122144274,61.99748973,1.72938641,CMV,20220126_N2A_mp1_CMV1_pos_analyzed.csv,pos,4.34,2.45,little noisey baseline,no distinct peak,,
1,5395.8,62.04621933,1.35621008,59.76635893,1.455109449,CMV,20220126_N2A_mp1_CMV1_pos_analyzed.csv,pos,4.34,2.45,little noisey baseline,no distinct peak,,
2,5247.5,66.65503396,0.736435741,57.84995982,2.367678638,CMV,20220126_N2A_mp1_CMV1_pos_analyzed.csv,pos,4.34,2.45,little noisey baseline,no distinct peak,,
3,5327.6,67.3617771,1.196700268,60.9428061,2.171771896,CMV,20220126_N2A_mp1_CMV1_pos_analyzed.csv,pos,4.34,2.45,little noisey baseline,no distinct peak,,
4,5374.9,58.34669218,0.887653138,55.06546978,1.25089229,CMV,20220126_N2A_mp1_CMV1_pos_analyzed.csv,pos,4.34,2.45,little noisey baseline,no distinct peak,,
0,5113.4,113.3593306,1.91769423,94.6808349,1.337562242,PGK,20220126_N2A_mp1_PGK1_pos_analyzed.csv,pos,3.14,1.32,little noisey baseline,,,
1,5114.8,98.13047557,1.188317585,88.82627864,1.228685577,PGK,20220126_N2A_mp1_PGK1_pos_analyzed.csv,pos,3.14,1.32,little noisey baseline,,,
2,5115.7,96.97626947,1.77937674,86.77539418,1.156098344,PGK,20220126_N2A_mp1_PGK1_pos_analyzed.csv,pos,3.14,1.32,little noisey baseline,,,
3,5159.6,92.96374458,0.951262434,84.10134346,1.172083621,PGK,20220126_N2A_mp1_PGK1_pos_analyzed.csv,pos,3.14,1.32,little noisey baseline,,,
4,5181.2,101.4005925,1.398671567,92.31526706,1.443462077,PGK,20220126_N2A_mp1_PGK1_pos_analyzed.csv,pos,3.14,1.32,little noisey baseline,,,
0,5106.5,158.907355,3.589844217,106.4861475,1.064067343,CMV,20220126_N2A_mp1_CMV3_pos_analyzed.csv,pos,4.08,2.09,,,,
1,5109,139.9723929,1.452631129,108.8801484,2.302190889,CMV,20220126_N2A_mp1_CMV3_pos_analyzed.csv,pos,4.08,2.09,,,,
2,5109.7,140.6024131,3.914276507,106.2146126,1.330900695,CMV,20220126_N2A_mp1_CMV3_pos_analyzed.csv,pos,4.08,2.09,,,,
3,5113.5,131.5012349,1.594396938,108.0785716,1.240942206,CMV,20220126_N2A_mp1_CMV3_pos_analyzed.csv,pos,4.08,2.09,,,,
4,5116.4,124.6719377,2.085027625,108.5032342,1.284765508,CMV,20220126_N2A_mp1_CMV3_pos_analyzed.csv,pos,4.08,2.09,,,,
0,5106.4,176.7235723,2.111166807,76.55475593,2.941913297,CMV,20220126_N2A_mp1_CMV2_pos_analyzed.csv,pos,2.79,1.68,,,,
1,5107.8,185.6300708,2.208208191,79.81480169,0.929208759,CMV,20220126_N2A_mp1_CMV2_pos_analyzed.csv,pos,2.79,1.68,,,,
2,5108.7,195.1173632,2.567664732,73.65868546,1.363465647,CMV,20220126_N2A_mp1_CMV2_pos_analyzed.csv,pos,2.79,1.68,,,,
3,5109.2,194.3550363,1.56161312,80.98655321,1.131187271,CMV,20220126_N2A_mp1_CMV2_pos_analyzed.csv,pos,2.79,1.68,,,,
4,5109.9,180.8136625,2.614712134,79.39875197,1.769966274,CMV,20220126_N2A_mp1_CMV2_pos_analyzed.csv,pos,2.79,1.68,,,,
0,5382.6,99.58463034,0.932712679,98.67362107,0.699996509,PGK,20220127_N2A_mp1_PGK3_pos_analyzed.csv,pos,3.52,1.46,very noisey,no distinct peak,,
1,5363.3,129.9692029,5.847609094,114.0844892,5.052822971,PGK,20220127_N2A_mp1_PGK3_pos_analyzed.csv,pos,3.52,1.46,very noisey,no distinct peak,,
2,5396.2,123.4468766,3.095700624,111.3654093,1.888315904,PGK,20220127_N2A_mp1_PGK3_pos_analyzed.csv,pos,3.52,1.46,very noisey,no distinct peak,,
3,5382.8,134.391039,3.792539085,124.013352,5.864146881,PGK,20220127_N2A_mp1_PGK3_pos_analyzed.csv,pos,3.52,1.46,very noisey,no distinct peak,,
4,5309.5,171.0976066,6.518232114,137.5888809,5.140561009,PGK,20220127_N2A_mp1_PGK3_pos_analyzed.csv,pos,3.52,1.46,very noisey,no distinct peak,,
0,5126.7,285.7012514,2.960634038,248.573252,3.141518368,PGK,20220127_N2A_mp1_PGK2_pos_analyzed.csv,pos,4.22,2.92,,,,
1,5136.9,267.061595,3.732101465,246.2233514,3.076353881,PGK,20220127_N2A_mp1_PGK2_pos_analyzed.csv,pos,4.22,2.92,,,,
2,5123.8,286.3545459,3.467502881,259.498304,3.15180739,PGK,20220127_N2A_mp1_PGK2_pos_analyzed.csv,pos,4.22,2.92,,,,
3,5123.1,278.0590227,5.015865846,253.7258211,3.162417831,PGK,20220127_N2A_mp1_PGK2_pos_analyzed.csv,pos,4.22,2.92,,,,
4,5123.1,281.3416109,2.411908395,244.7938978,3.556831164,PGK,20220127_N2A_mp1_PGK2_pos_analyzed.csv,pos,4.22,2.92,,,,
0,5108,119.0024587,1.321407523,87.1017083,2.201780824,CMV,20220127_N2A_mp1_CMV1_pos_analyzed.csv,pos,4.24,1.37,,,,
1,5105.5,114.1591194,1.580332385,90.74035191,1.912201399,CMV,20220127_N2A_mp1_CMV1_pos_analyzed.csv,pos,4.24,1.37,,,,
2,5106.8,111.2209471,1.868910599,88.87925136,1.645381924,CMV,20220127_N2A_mp1_CMV1_pos_analyzed.csv,pos,4.24,1.37,,,,
3,5108.8,108.2750099,2.157512277,91.65313826,1.536677102,CMV,20220127_N2A_mp1_CMV1_pos_analyzed.csv,pos,4.24,1.37,,,,
4,5107.8,105.9049605,1.927463176,86.54289471,1.418544065,CMV,20220127_N2A_mp1_CMV1_pos_analyzed.csv,pos,4.24,1.37,,,,
0,5209.3,130.4131635,2.42875049,123.9191075,1.683417561,PGK,20220127_N2A_mp1_PGK1_pos_analyzed.csv,pos,3.74,1.72,noisey baseline,no distinct peak,,
1,5152.1,130.548383,1.041289647,122.4195546,1.96071155,PGK,20220127_N2A_mp1_PGK1_pos_analyzed.csv,pos,3.74,1.72,noisey baseline,no distinct peak,,
2,5205.2,134.3743124,1.845676528,127.8553284,1.789930281,PGK,20220127_N2A_mp1_PGK1_pos_analyzed.csv,pos,3.74,1.72,noisey baseline,no distinct peak,,
3,5160.1,131.9587431,1.117289125,126.2688327,1.826101806,PGK,20220127_N2A_mp1_PGK1_pos_analyzed.csv,pos,3.74,1.72,noisey baseline,no distinct peak,,
4,5260.2,128.2421153,2.522466377,121.4466213,2.199851159,PGK,20220127_N2A_mp1_PGK1_pos_analyzed.csv,pos,3.74,1.72,noisey baseline,no distinct peak,,
0,5385.5,113.8187032,2.844874393,110.3013164,2.274986564,CMV,20220127_N2A_mp1_CMV4_pos_analyzed.csv,pos,3.14,2.07,,no distinct peak,,
1,5259.9,117.1920942,3.490572617,107.4241352,2.113655235,CMV,20220127_N2A_mp1_CMV4_pos_analyzed.csv,pos,3.14,2.07,,no distinct peak,,
2,5233.5,112.3539813,1.777190047,104.0614269,2.153211968,CMV,20220127_N2A_mp1_CMV4_pos_analyzed.csv,pos,3.14,2.07,,no distinct peak,,
3,5205.9,115.5518078,2.80207288,108.07103,1.977913642,CMV,20220127_N2A_mp1_CMV4_pos_analyzed.csv,pos,3.14,2.07,,no distinct peak,,
4,5233.3,114.2026915,2.141343983,110.2054954,2.305576618,CMV,20220127_N2A_mp1_CMV4_pos_analyzed.csv,pos,3.14,2.07,,no distinct peak,,
0,5107.7,114.4557645,1.979221046,100.7409301,1.553097813,CMV,20220127_N2A_mp1_CMV3_pos_analyzed.csv,pos,4.21,1.75,,no distinct peak,,
1,5160.8,109.416867,1.338195992,102.0509012,2.027445334,CMV,20220127_N2A_mp1_CMV3_pos_analyzed.csv,pos,4.21,1.75,,no distinct peak,,
2,5178.2,112.5582599,1.520380994,104.5883288,1.636846667,CMV,20220127_N2A_mp1_CMV3_pos_analyzed.csv,pos,4.21,1.75,,no distinct peak,,
3,5210.8,114.2631756,3.478036752,108.2060827,1.875847154,CMV,20220127_N2A_mp1_CMV3_pos_analyzed.csv,pos,4.21,1.75,,no distinct peak,,
4,5147.1,114.8319103,1.66001802,106.0076767,1.752047704,CMV,20220127_N2A_mp1_CMV3_pos_analyzed.csv,pos,4.21,1.75,,no distinct peak,,
0,5102.8,107.2457708,2.434080921,82.56953672,1.271860986,CMV,20220127_N2A_mp1_CMV2_pos_analyzed.csv,pos,4.28,1.86,,,,
1,5103.6,108.5215973,2.357668694,66.91006019,1.496410838,CMV,20220127_N2A_mp1_CMV2_pos_analyzed.csv,pos,4.28,1.86,,,,
2,5104.4,114.1475227,1.359607403,68.73258242,1.751749656,CMV,20220127_N2A_mp1_CMV2_pos_analyzed.csv,pos,4.28,1.86,,,,
3,5104.3,111.6570133,1.394672717,79.63724543,2.604921758,CMV,20220127_N2A_mp1_CMV2_pos_analyzed.csv,pos,4.28,1.86,,,,
4,5105,113.7341477,2.0851445,79.35335732,2.521380019,CMV,20220127_N2A_mp1_CMV2_pos_analyzed.csv,pos,4.28,1.86,,,,
0,5104.3,154.2438463,1.681514794,98.26848459,1.266122155,CMV,20220202_N2A_mp1_CMV1_pos_analyzed.csv,pos,4.55,1.18,,,,
1,5104.8,154.2304747,1.825687064,106.816857,1.906412446,CMV,20220202_N2A_mp1_CMV1_pos_analyzed.csv,pos,4.55,1.18,,,,
2,5106,152.8676446,2.030663955,99.76676587,0.950053913,CMV,20220202_N2A_mp1_CMV1_pos_analyzed.csv,pos,4.55,1.18,,,,
3,5105.3,144.753573,2.607688951,101.5834432,1.13084393,CMV,20220202_N2A_mp1_CMV1_pos_analyzed.csv,pos,4.55,1.18,,,,
4,5107.5,136.3646292,1.111497535,103.9385818,1.124751215,CMV,20220202_N2A_mp1_CMV1_pos_analyzed.csv,pos,4.55,1.18,,,,
0,5391.8,46.531864,0.80826382,45.81153099,0.639755558,PGK,20220202_N2A_mp1_PGK1_pos_analyzed.csv,pos,5.53,1.17,peaks at end of wtim,peaks at end of stim,,
1,5390.1,54.0149082,1.134661569,52.58779451,1.060632391,PGK,20220202_N2A_mp1_PGK1_pos_analyzed.csv,pos,5.53,1.17,peaks at end of wtim,peaks at end of stim,,
2,5382,56.93620926,0.717474298,55.65537589,0.828739212,PGK,20220202_N2A_mp1_PGK1_pos_analyzed.csv,pos,5.53,1.17,peaks at end of wtim,peaks at end of stim,,
3,5374.4,58.88341777,0.583961309,57.48216468,0.710468386,PGK,20220202_N2A_mp1_PGK1_pos_analyzed.csv,pos,5.53,1.17,peaks at end of wtim,peaks at end of stim,,
4,5375,56.71743912,0.781208453,55.58117028,0.818726746,PGK,20220202_N2A_mp1_PGK1_pos_analyzed.csv,pos,5.53,1.17,peaks at end of wtim,peaks at end of stim,,
0,5105.1,111.9303763,0.761131988,65.6533434,0.769346361,CMV,20220202_N2A_mp1_CMV4_pos_analyzed.csv,pos,5.52,1.58,,,,
1,5106.3,112.1170714,1.260115942,63.51577995,0.889350666,CMV,20220202_N2A_mp1_CMV4_pos_analyzed.csv,pos,5.52,1.58,,,,
2,5105.9,115.3050582,1.588572518,65.7672078,0.691856943,CMV,20220202_N2A_mp1_CMV4_pos_analyzed.csv,pos,5.52,1.58,,,,
3,5107.4,108.3337192,1.700603331,63.34032384,0.817790994,CMV,20220202_N2A_mp1_CMV4_pos_analyzed.csv,pos,5.52,1.58,,,,
4,5107.8,101.8116523,1.983187262,62.0905216,0.823734357,CMV,20220202_N2A_mp1_CMV4_pos_analyzed.csv,pos,5.52,1.58,,,,
0,5104.3,173.6338525,1.301126607,121.0447147,1.417167592,CMV,20220202_N2A_mp1_CMV3_pos_analyzed.csv,pos,5.26,1.25,,,,
1,5104.9,174.0087484,2.400713511,123.5683005,1.600209889,CMV,20220202_N2A_mp1_CMV3_pos_analyzed.csv,pos,5.26,1.25,,,,
2,5104.7,164.0042753,3.887984849,117.5887546,1.620967701,CMV,20220202_N2A_mp1_CMV3_pos_analyzed.csv,pos,5.26,1.25,,,,
3,5105.8,165.6305591,1.177898199,121.334596,3.710688157,CMV,20220202_N2A_mp1_CMV3_pos_analyzed.csv,pos,5.26,1.25,,,,
4,5106.1,155.3267066,2.061574045,121.1646341,1.753605332,CMV,20220202_N2A_mp1_CMV3_pos_analyzed.csv,pos,5.26,1.25,,,,
0,5103.9,103.5152778,2.210009157,66.39086527,1.058986523,CMV,20220202_N2A_mp1_CMV2_pos_analyzed.csv,pos,5.16,1.93,,,,
1,5106.1,91.95471346,1.409388181,65.64916133,0.842928787,CMV,20220202_N2A_mp1_CMV2_pos_analyzed.csv,pos,5.16,1.93,,,,
2,5108.8,90.13091148,2.167925702,65.51387359,1.011004359,CMV,20220202_N2A_mp1_CMV2_pos_analyzed.csv,pos,5.16,1.93,,,,
3,5111.2,81.49406828,1.452532045,68.741495,1.520012335,CMV,20220202_N2A_mp1_CMV2_pos_analyzed.csv,pos,5.16,1.93,,,,
4,5106.9,80.34861111,1.171161553,64.44987592,1.063810295,CMV,20220202_N2A_mp1_CMV2_pos_analyzed.csv,pos,5.16,1.93,,,,
0,5376.9,63.99020139,0.942290939,63.36785439,0.621498819,WT,20220203_N2A_WT5_pos_analyzed.csv,pos,3.57,1.35,,,,
1,5391.5,59.4878246,1.085562255,59.22439864,0.649380629,WT,20220203_N2A_WT5_pos_analyzed.csv,pos,3.57,1.35,,peaks at end of stim,,
2,5394.4,54.75463578,1.009242656,54.22451159,0.622784818,WT,20220203_N2A_WT5_pos_analyzed.csv,pos,3.57,1.35,,peaks at end of stim,,
3,5381.2,53.27770677,0.822961711,52.49942253,0.621641886,WT,20220203_N2A_WT5_pos_analyzed.csv,pos,3.57,1.35,,peaks at end of stim,,
4,5302.3,51.08148271,0.850800139,50.8845749,0.589006508,WT,20220203_N2A_WT5_pos_analyzed.csv,pos,3.57,1.35,,peaks at end of stim,,
0,5270.5,138.1715336,3.363317365,122.452882,1.720143419,WT,20220203_N2A_WT2_pos_analyzed.csv,pos,3.35,1.25,baseline seemed to shift?,peaks at end of stim,,
1,5394.7,122.9653282,0.971107092,120.361132,1.393473389,WT,20220203_N2A_WT2_pos_analyzed.csv,pos,3.35,1.25,baseline seemed to shift?,peaks at end of stim,,
2,5311.2,117.9932169,1.505430913,115.8283217,1.628306628,WT,20220203_N2A_WT2_pos_analyzed.csv,pos,3.35,1.25,baseline seemed to shift?,peaks at end of stim,,
3,5385.5,109.188871,1.928094442,106.7706765,1.889206744,WT,20220203_N2A_WT2_pos_analyzed.csv,pos,3.35,1.25,baseline seemed to shift?,peaks at end of stim,,
4,5365.7,107.3942629,1.833540586,105.8043586,1.492270332,WT,20220203_N2A_WT2_pos_analyzed.csv,pos,3.35,1.25,baseline seemed to shift?,peaks at end of stim,,
0,5144.7,73.62573958,7.596655899,65.39347341,0.878139686,WT,20220203_N2A_WT3_pos_analyzed.csv,pos,3.59,1.37,,peaks all over stim,,
1,5369.3,68.42067314,1.425615832,66.3938027,1.036021715,WT,20220203_N2A_WT3_pos_analyzed.csv,pos,3.59,1.37,,peaks all over stim,,
2,5259.3,64.09570978,1.090603237,62.63899822,0.896038977,WT,20220203_N2A_WT3_pos_analyzed.csv,pos,3.59,1.37,,peaks all over stim,,
3,5388.7,64.54699511,1.072292594,62.82592264,0.953922593,WT,20220203_N2A_WT3_pos_analyzed.csv,pos,3.59,1.37,,peaks all over stim,,
4,5322.5,63.54188276,0.792987352,61.14954801,0.875541564,WT,20220203_N2A_WT3_pos_analyzed.csv,pos,3.59,1.37,,peaks all over stim,,
0,5395,73.99456768,0.586367658,73.20117316,0.550792161,WT,20220203_N2A_WT4_pos_analyzed.csv,pos,3,1.3,baseline seemed to shift?,peaks at end of stim,,
1,5374.2,68.97936107,0.529380773,68.31510978,0.539602455,WT,20220203_N2A_WT4_pos_analyzed.csv,pos,3,1.3,baseline seemed to shift?,peaks at end of stim,,
2,5393.5,64.90505546,0.778782405,64.30405152,0.573857447,WT,20220203_N2A_WT4_pos_analyzed.csv,pos,3,1.3,baseline seemed to shift?,peaks at end of stim,,
3,5388.2,62.67418326,0.98164602,62.18362799,0.512535354,WT,20220203_N2A_WT4_pos_analyzed.csv,pos,3,1.3,baseline seemed to shift?,peaks at end of stim,,
4,5392.1,59.81828816,0.871429315,59.02411483,0.571861425,WT,20220203_N2A_WT4_pos_analyzed.csv,pos,3,1.3,baseline seemed to shift?,peaks at end of stim,,
0,5136.7,83.18648542,1.360569969,81.56433446,0.990652276,WT,20220203_N2A_WT1_pos_analyzed.csv,pos,4.9,1.26,,peaks all over stim,,
1,5330.7,81.42540544,2.041626539,79.70962929,0.912573036,WT,20220203_N2A_WT1_pos_analyzed.csv,pos,4.9,1.26,,peaks all over stim,,
2,5396,81.61236976,0.72481059,79.75903826,0.93336106,WT,20220203_N2A_WT1_pos_analyzed.csv,pos,4.9,1.26,,peaks all over stim,,
3,5343.4,77.74546318,1.527038463,77.00316565,0.935992982,WT,20220203_N2A_WT1_pos_analyzed.csv,pos,4.9,1.26,,peaks all over stim,,
4,5384.9,76.49381006,1.643681065,75.57952865,1.228457365,WT,20220203_N2A_WT1_pos_analyzed.csv,pos,4.9,1.26,,peaks all over stim,,
0,5376.9,109.2710535,2.014394071,107.6700875,1.247489164,WT,20220204_N2A_WT3_pos_analyzed.csv,pos,3.05,1.18,baseline seemed to shift?,peaks all over stim,,
1,5110.6,105.0120798,1.001616279,101.1667734,1.148447067,WT,20220204_N2A_WT3_pos_analyzed.csv,pos,3.05,1.18,baseline seemed to shift?,peaks all over stim,,
2,5118.9,101.121863,1.343446484,99.45157429,1.20928098,WT,20220204_N2A_WT3_pos_analyzed.csv,pos,3.05,1.18,baseline seemed to shift?,peaks all over stim,,
3,5128.2,99.34797146,1.811813004,94.35175278,1.269883437,WT,20220204_N2A_WT3_pos_analyzed.csv,pos,3.05,1.18,baseline seemed to shift?,peaks all over stim,,
4,5305.7,94.49566522,1.301234545,91.37069251,1.090603227,WT,20220204_N2A_WT3_pos_analyzed.csv,pos,3.05,1.18,baseline seemed to shift?,peaks all over stim,,
0,5393.2,146.9804363,2.111350326,143.0714145,1.874657673,WT,20220204_N2A_WT1_pos_analyzed.csv,pos,3.08,1.06,,peaks all over stim,,
1,5394.2,147.0298637,1.865529353,143.5705829,1.430787753,WT,20220204_N2A_WT1_pos_analyzed.csv,pos,3.08,1.06,,peaks all over stim,,
2,5389.1,144.3780733,0.938212047,141.3778799,1.540390462,WT,20220204_N2A_WT1_pos_analyzed.csv,pos,3.08,1.06,,peaks all over stim,,
3,5339.1,140.6066965,1.525066902,136.8885073,1.499327281,WT,20220204_N2A_WT1_pos_analyzed.csv,pos,3.08,1.06,,peaks all over stim,,
4,5212.9,138.3996963,1.506592177,133.465946,1.526639107,WT,20220204_N2A_WT1_pos_analyzed.csv,pos,3.08,1.06,,peaks all over stim,,
0,5156.7,119.0094409,2.365969845,108.3273576,1.970809697,PGK,20220125_N2A_mp1_PGK2_pos_analyzed.csv,pos,3.8,2.3,,no distinct peak,,
1,5256.9,111.9270274,1.231954199,103.7584764,2.234512493,PGK,20220125_N2A_mp1_PGK2_pos_analyzed.csv,pos,3.8,2.3,,no distinct peak,,
2,5220,104.6525399,3.500959465,95.48745521,1.936974969,PGK,20220125_N2A_mp1_PGK2_pos_analyzed.csv,pos,3.8,2.3,,no distinct peak,,
3,5185.3,106.5619264,1.952381145,99.24892498,1.886412811,PGK,20220125_N2A_mp1_PGK2_pos_analyzed.csv,pos,3.8,2.3,,no distinct peak,,
4,5211.3,104.7175919,2.501403091,97.91103733,1.974929586,PGK,20220125_N2A_mp1_PGK2_pos_analyzed.csv,pos,3.8,2.3,,no distinct peak,,
0,5396.1,733.5717264,3.864551533,717.309695,5.924136215,CMV,20220125_N2A_mp1_CMV1_pos_analyzed.csv,pos,4.2,1.54,,peaks at end of stim,,**WEIRD OUTLIER
1,5395.8,912.7749786,5.60759431,896.4370975,5.63832063,CMV,20220125_N2A_mp1_CMV1_pos_analyzed.csv,pos,4.2,1.54,,peaks at end of stim,,**WEIRD OUTLIER
2,5394.5,931.6268983,5.227068419,921.9366714,6.491243824,CMV,20220125_N2A_mp1_CMV1_pos_analyzed.csv,pos,4.2,1.54,,peaks at end of stim,,**WEIRD OUTLIER
3,5383.8,965.8978536,6.185219361,956.9977565,7.326410382,CMV,20220125_N2A_mp1_CMV1_pos_analyzed.csv,pos,4.2,1.54,,peaks at end of stim,,**WEIRD OUTLIER
4,5394.8,986.7483731,6.022942613,975.1121533,8.077037481,CMV,20220125_N2A_mp1_CMV1_pos_analyzed.csv,pos,4.2,1.54,,peaks at end of stim,,**WEIRD OUTLIER
0,5246.3,86.91681499,0.964989228,85.17330948,1.333415818,PGK,20220125_N2A_mp1_PGK1_pos_analyzed.csv,pos,3.54,1.43,noisey baseline,peaks all over stim,,
1,5124.6,89.2155594,1.839724786,82.8001708,1.446992773,PGK,20220125_N2A_mp1_PGK1_pos_analyzed.csv,pos,3.54,1.43,noisey baseline,peaks all over stim,,
2,5377,83.79007987,1.156231052,82.42761598,1.106444789,PGK,20220125_N2A_mp1_PGK1_pos_analyzed.csv,pos,3.54,1.43,noisey baseline,peaks all over stim,,
3,5378.8,81.61851666,0.936401502,79.0610528,1.579887239,PGK,20220125_N2A_mp1_PGK1_pos_analyzed.csv,pos,3.54,1.43,noisey baseline,peaks all over stim,,
4,5340.8,82.27364024,1.279608909,76.80524678,1.083652568,PGK,20220125_N2A_mp1_PGK1_pos_analyzed.csv,pos,3.54,1.43,noisey baseline,peaks all over stim,,
0,5308.1,82.94741116,1.360142922,80.22279462,1.319719899,CMV,20220125_N2A_mp1_CMV2_pos_analyzed.csv,pos,4.42,1.55,,peaks all over stim,,
1,5357.3,84.38331471,1.064248257,79.31325509,1.790646465,CMV,20220125_N2A_mp1_CMV2_pos_analyzed.csv,pos,4.42,1.55,,peaks all over stim,,
2,5305.4,84.92200326,1.210812054,80.67368947,1.30486221,CMV,20220125_N2A_mp1_CMV2_pos_analyzed.csv,pos,4.42,1.55,,peaks all over stim,,
3,5121.5,81.69584445,1.673819075,76.44648004,1.783258595,CMV,20220125_N2A_mp1_CMV2_pos_analyzed.csv,pos,4.42,1.55,,peaks all over stim,,
4,5236.7,81.05490863,1.232937561,77.01705499,1.223906296,CMV,20220125_N2A_mp1_CMV2_pos_analyzed.csv,pos,4.42,1.55,,peaks all over stim,,
0,5399.9,53.93704345,0.865281693,51.77199431,1.849797975,PGK,20220201_N2A_mp1_PGK3_pos_analyzed.csv,pos,5.77,1.07,peaks at end of stim,peaks at end of stim,,
1,5394.1,51.73351423,1.296901381,50.50860551,1.029737965,PGK,20220201_N2A_mp1_PGK3_pos_analyzed.csv,pos,5.77,1.07,peaks at end of stim,peaks at end of stim,,
2,5391.4,56.18396817,1.170248948,54.04212942,1.404078753,PGK,20220201_N2A_mp1_PGK3_pos_analyzed.csv,pos,5.77,1.07,peaks at end of stim,peaks at end of stim,,
3,5390.2,56.99442849,0.536757292,55.48194692,1.243616168,PGK,20220201_N2A_mp1_PGK3_pos_analyzed.csv,pos,5.77,1.07,peaks at end of stim,peaks at end of stim,,
4,5370.4,57.7806563,1.482200061,55.56373231,1.642023725,PGK,20220201_N2A_mp1_PGK3_pos_analyzed.csv,pos,5.77,1.07,peaks at end of stim,peaks at end of stim,,
0,5104.2,135.0143532,0.703124272,87.29369267,1.099074839,PGK,20220201_N2A_mp1_PGK4_pos_analyzed.csv,pos,4.88,1.13,weird noise in baseline,,,
1,5104.8,133.2638893,1.036713891,91.72603655,1.26419696,PGK,20220201_N2A_mp1_PGK4_pos_analyzed.csv,pos,4.88,1.13,weird noise in baseline,,,
2,5105.4,132.7532336,1.598502208,96.42891367,1.125914366,PGK,20220201_N2A_mp1_PGK4_pos_analyzed.csv,pos,4.88,1.13,weird noise in baseline,,,
3,5105.8,127.8297863,1.926984857,95.89523152,1.80688737,PGK,20220201_N2A_mp1_PGK4_pos_analyzed.csv,pos,4.88,1.13,weird noise in baseline,,,
4,5107,125.1888262,1.903544109,96.83630807,1.231235967,PGK,20220201_N2A_mp1_PGK4_pos_analyzed.csv,pos,4.88,1.13,weird noise in baseline,,,
0,5105.6,147.6231547,2.825393854,99.42066281,1.640545029,PGK,20220201_N2A_mp1_PGK2_pos_analyzed.csv,pos,5.98,1.65,weird noise in baseline,spread out peaks,,
1,5109.8,105.1868789,2.56196468,87.80199043,1.947953332,PGK,20220201_N2A_mp1_PGK2_pos_analyzed.csv,pos,5.98,1.65,weird noise in baseline,spread out peaks,,
2,5154.2,105.6842988,1.902268456,85.22958135,1.868445327,PGK,20220201_N2A_mp1_PGK2_pos_analyzed.csv,pos,5.98,1.65,weird noise in baseline,spread out peaks,,
3,5188.1,97.59287258,1.844071404,84.85338457,1.833314089,PGK,20220201_N2A_mp1_PGK2_pos_analyzed.csv,pos,5.98,1.65,weird noise in baseline,spread out peaks,,
4,5159.8,91.57787308,1.062516132,82.63820585,1.653334213,PGK,20220201_N2A_mp1_PGK2_pos_analyzed.csv,pos,5.98,1.65,weird noise in baseline,spread out peaks,,
0,5105,220.5026606,1.79027881,116.5200062,1.429785836,CMV,20220201_N2A_mp1_CMV1_pos_analyzed.csv,pos,5.23,1.25,,,,
1,5105.3,204.0296245,2.792739978,112.9305585,1.749813245,CMV,20220201_N2A_mp1_CMV1_pos_analyzed.csv,pos,5.23,1.25,,,,
2,5106.8,186.3468022,2.076205023,113.183307,1.533129058,CMV,20220201_N2A_mp1_CMV1_pos_analyzed.csv,pos,5.23,1.25,,,,
3,5107,175.098371,2.178893333,111.5014089,1.356054618,CMV,20220201_N2A_mp1_CMV1_pos_analyzed.csv,pos,5.23,1.25,,,,
4,5108.3,165.0180422,2.404994112,120.9278627,1.591415506,CMV,20220201_N2A_mp1_CMV1_pos_analyzed.csv,pos,5.23,1.25,,,,
0,5392.2,73.02826846,1.187008569,72.29469505,0.855883773,PGK,20220201_N2A_mp1_PGK1_pos_analyzed.csv,pos,5.35,1.43,baseline seemed to shift?,no distinct peak,,
1,5383.4,72.01628312,1.263578979,70.73435853,0.826123021,PGK,20220201_N2A_mp1_PGK1_pos_analyzed.csv,pos,5.35,1.43,baseline seemed to shift?,no distinct peak,,
2,5379.2,66.61260094,0.751117625,65.26914197,0.769883728,PGK,20220201_N2A_mp1_PGK1_pos_analyzed.csv,pos,5.35,1.43,baseline seemed to shift?,no distinct peak,,
3,5376,63.79156381,0.972005228,62.61619325,0.741813199,PGK,20220201_N2A_mp1_PGK1_pos_analyzed.csv,pos,5.35,1.43,baseline seemed to shift?,no distinct peak,,
4,5388.7,64.39610058,0.872096224,63.38196342,0.805121327,PGK,20220201_N2A_mp1_PGK1_pos_analyzed.csv,pos,5.35,1.43,baseline seemed to shift?,no distinct peak,,
0,5368.5,66.57632536,1.428711013,65.26448998,1.144957918,WT,20220209_N2A_WT5_pos_analyzed.csv,pos,5.29,1.88,,peaks at end of stim,,
1,5244.9,64.84355081,1.517952144,62.80063441,1.178583639,WT,20220209_N2A_WT5_pos_analyzed.csv,pos,5.29,1.88,,peaks at end of stim,,
2,5362.9,61.95216887,1.202526383,60.577243,1.163765444,WT,20220209_N2A_WT5_pos_analyzed.csv,pos,5.29,1.88,,peaks at end of stim,,
3,5367.8,60.36087832,2.075624422,59.51732256,1.147037178,WT,20220209_N2A_WT5_pos_analyzed.csv,pos,5.29,1.88,,peaks at end of stim,,
4,5388.4,58.75472779,1.383106125,56.32298106,1.426721622,WT,20220209_N2A_WT5_pos_analyzed.csv,pos,5.29,1.88,,peaks at end of stim,,
0,5367.4,99.72578502,0.831353936,98.28620981,0.878796249,WT,20220209_N2A_WT2_pos_analyzed.csv,pos,5.24,1.42,baseline seemed to shift?,peaks at end of stim,,
1,5399.8,94.61449689,1.243404089,94.04200128,0.819122168,WT,20220209_N2A_WT2_pos_analyzed.csv,pos,5.24,1.42,baseline seemed to shift?,peaks at end of stim,,
2,5399.9,84.28504766,1.04839837,81.65764016,0.940292624,WT,20220209_N2A_WT2_pos_analyzed.csv,pos,5.24,1.42,baseline seemed to shift?,peaks at end of stim,,
3,5362.4,80.45245749,0.995442002,79.40747702,0.869012328,WT,20220209_N2A_WT2_pos_analyzed.csv,pos,5.24,1.42,baseline seemed to shift?,peaks at end of stim,,
4,5399.9,75.98073624,1.378643641,75.60997649,0.858206793,WT,20220209_N2A_WT2_pos_analyzed.csv,pos,5.24,1.42,baseline seemed to shift?,peaks at end of stim,,
0,5294,50.73664483,0.639045644,50.20807821,0.700226345,WT,20220209_N2A_WT3_pos_analyzed.csv,pos,5.66,1.88,,peaks at end of stim,,
1,5384,52.9307372,0.906320627,52.21710215,0.738563996,WT,20220209_N2A_WT3_pos_analyzed.csv,pos,5.66,1.88,,peaks at end of stim,,
2,5356.9,50.57549768,0.754985929,48.58352069,0.6454423,WT,20220209_N2A_WT3_pos_analyzed.csv,pos,5.66,1.88,,peaks at end of stim,,
3,5390.6,48.77200484,1.20050725,48.92248907,0.578902468,WT,20220209_N2A_WT3_pos_analyzed.csv,pos,5.66,1.88,,peaks at end of stim,,
4,5379,50.22138385,0.570083555,49.59374058,0.60119489,WT,20220209_N2A_WT3_pos_analyzed.csv,pos,5.66,1.88,,peaks at end of stim,,
0,5362.2,57.87081805,0.698276142,56.62659286,0.657056751,WT,20220209_N2A_WT4_pos_analyzed.csv,pos,5.23,1.37,,peaks at end of stim,,
1,5286.9,55.15387603,1.078699874,53.90154953,0.808959213,WT,20220209_N2A_WT4_pos_analyzed.csv,pos,5.23,1.37,,peaks at end of stim,,
2,5359.3,53.57995039,0.945787051,52.29599998,0.700881692,WT,20220209_N2A_WT4_pos_analyzed.csv,pos,5.23,1.37,,peaks at end of stim,,
3,5378.2,53.74658504,0.889892611,52.8492851,0.704751768,WT,20220209_N2A_WT4_pos_analyzed.csv,pos,5.23,1.37,,peaks at end of stim,,
4,5331.6,52.05390839,0.764884426,49.8536526,0.874472529,WT,20220209_N2A_WT4_pos_analyzed.csv,pos,5.23,1.37,,peaks at end of stim,,
0,5369.1,67.17968504,0.986085015,66.37834635,0.727179406,WT,20220209_N2A_WT1_pos_analyzed.csv,pos,4.94,1.07,noisey baseline,peaks all over stim,,
1,5322.4,66.90739343,0.590902867,64.36846947,0.884330062,WT,20220209_N2A_WT1_pos_analyzed.csv,pos,4.94,1.07,noisey baseline,peaks all over stim,,
2,5270.9,67.69909141,1.367791056,65.45443757,0.890222882,WT,20220209_N2A_WT1_pos_analyzed.csv,pos,4.94,1.07,noisey baseline,peaks all over stim,,
3,5198.3,65.49071366,1.101981412,60.8736662,0.803852253,WT,20220209_N2A_WT1_pos_analyzed.csv,pos,4.94,1.07,noisey baseline,peaks all over stim,,
4,5255.6,88.91435952,4.654051592,70.66379561,2.955757298,WT,20220209_N2A_WT1_pos_analyzed.csv,pos,4.94,1.07,noisey baseline,peaks all over stim,,